Mail-Prod,Mail-QA,Mail-Stg
loadtest_ph_a4321@yopmail.com,loadtest_sfqa_aws_a01@yopmail.com,loadtest_sfstg_aws_2023_a53@yopmail.com
loadtest_ph_a4327@yopmail.com,loadtest_sfqa_aws_a02@yopmail.com,loadtest_sfstg_aws_2023_a54@yopmail.com
loadtest_ph_a4328@yopmail.com,loadtest_sfqa_aws_a03@yopmail.com,loadtest_sfstg_aws_2023_a55@yopmail.com
loadtest_ph_a4324@yopmail.com,loadtest_sfqa_aws_a04@yopmail.com,loadtest_sfstg_aws_2023_a56@yopmail.com
loadtest_ph_a4325@yopmail.com,loadtest_sfqa_aws_a05@yopmail.com,loadtest_sfstg_aws_2023_a57@yopmail.com
loadtest_ph_a4323@yopmail.com,loadtest_sfqa_aws_a06@yopmail.com,loadtest_sfstg_aws_2023_a58@yopmail.com
loadtest_ph_a4334@yopmail.com,loadtest_sfqa_aws_a07@yopmail.com,loadtest_sfstg_aws_2023_a59@yopmail.com
loadtest_ph_a4333@yopmail.com,loadtest_sfqa_aws_a08@yopmail.com,loadtest_sfstg_aws_2023_a60@yopmail.com
loadtest_ph_a4337@yopmail.com,loadtest_sfqa_aws_a09@yopmail.com,loadtest_sfstg_aws_2023_a61@yopmail.com
loadtest_ph_a4331@yopmail.com,loadtest_sfqa_aws_a10@yopmail.com,loadtest_sfstg_aws_2023_a62@yopmail.com
loadtest_ph_a4336@yopmail.com,loadtest_sfqa_aws_a11@yopmail.com,loadtest_us_phl_stg_aug_2020_a1051.ehdemuf6@mailosaur.io
loadtest_ph_a4332@yopmail.com,loadtest_sfqa_aws_a12@yopmail.com,loadtest_us_phl_stg_aug_2020_a1052.ehdemuf6@mailosaur.io
loadtest_ph_a4338@yopmail.com,loadtest_sfqa_aws_a13@yopmail.com,loadtest_us_phl_stg_aug_2020_a1053.ehdemuf6@mailosaur.io
loadtest_ph_a4335@yopmail.com,loadtest_sfqa_aws_a14@yopmail.com,loadtest_us_phl_stg_aug_2020_a1054.ehdemuf6@mailosaur.io
loadtest_ph_a4340@yopmail.com,loadtest_sfqa_aws_a15@yopmail.com,loadtest_us_phl_stg_aug_2020_a1055.ehdemuf6@mailosaur.io
loadtest_ph_a4339@yopmail.com,loadtest_sfqa_aws_a16@yopmail.com,loadtest_us_sf_stg_aus_461.ehdemuf6@mailosaur.io
loadtest_ph_a4342@yopmail.com,loadtest_sfqa_aws_a17@yopmail.com,loadtest_us_sf_stg_aus_465.ehdemuf6@mailosaur.io
loadtest_ph_a4343@yopmail.com,loadtest_sfqa_aws_a18@yopmail.com,loadtest_us_sf_stg_aus_464.ehdemuf6@mailosaur.io
loadtest_ph_a4341@yopmail.com,loadtest_sfqa_aws_a19@yopmail.com,loadtest_us_sf_stg_aus_462.ehdemuf6@mailosaur.io
loadtest_ph_a4346@yopmail.com,loadtest_sfqa_aws_a20@yopmail.com,loadtest_us_sf_stg_aus_471.ehdemuf6@mailosaur.io
loadtest_ph_a4348@yopmail.com,loadtest_sfqa_aws_a21@yopmail.com,loadtest_us_sf_stg_aus_470.ehdemuf6@mailosaur.io
loadtest_ph_a4345@yopmail.com,loadtest_sfqa_aws_a22@yopmail.com,loadtest_us_sf_stg_aus_463.ehdemuf6@mailosaur.io
loadtest_ph_a4344@yopmail.com,loadtest_sfqa_aws_a23@yopmail.com,loadtest_us_sf_stg_aus_472.ehdemuf6@mailosaur.io
loadtest_ph_a4349@yopmail.com,loadtest_sfqa_aws_a24@yopmail.com,loadtest_us_sf_stg_aus_469.ehdemuf6@mailosaur.io
loadtest_ph_a4350@yopmail.com,loadtest_sfqa_aws_a25@yopmail.com,loadtest_us_sf_stg_aus_467.ehdemuf6@mailosaur.io
loadtest_ph_a4347@yopmail.com,loadtest_sfqa_aws_a26@yopmail.com,loadtest_us_sf_stg_aus_466.ehdemuf6@mailosaur.io
loadtest_ph_a4357@yopmail.com,loadtest_sfqa_aws_a27@yopmail.com,loadtest_us_sf_stg_aus_468.ehdemuf6@mailosaur.io
loadtest_ph_a4356@yopmail.com,loadtest_sfqa_aws_a28@yopmail.com,loadtest_us_sf_stg_aus_473.ehdemuf6@mailosaur.io
loadtest_ph_a4354@yopmail.com,loadtest_sfqa_aws_a29@yopmail.com,loadtest_us_sf_stg_aus_474.ehdemuf6@mailosaur.io
loadtest_ph_a4352@yopmail.com,loadtest_sfqa_aws_a30@yopmail.com,loadtest_us_sf_stg_aus_475.ehdemuf6@mailosaur.io
loadtest_ph_a4351@yopmail.com,loadtest_us_phl_qa_aug_2020_a126.ehdemuf6@mailosaur.io,loadtest_us_sf_stg_aus_476.ehdemuf6@mailosaur.io
loadtest_ph_a4359@yopmail.com,loadtest_us_phl_qa_aug_2020_a127.ehdemuf6@mailosaur.io,loadtest_us_sf_stg_aus_477.ehdemuf6@mailosaur.io
loadtest_ph_a4353@yopmail.com,loadtest_us_phl_qa_aug_2020_a128.ehdemuf6@mailosaur.io,loadtest_us_sf_stg_aus_478.ehdemuf6@mailosaur.io
loadtest_ph_a4360@yopmail.com,loadtest_us_phl_qa_aug_2020_a129.ehdemuf6@mailosaur.io,loadtest_us_sf_stg_aus_480.ehdemuf6@mailosaur.io
loadtest_ph_a4355@yopmail.com,loadtest_us_phl_qa_aug_2020_a130.ehdemuf6@mailosaur.io,loadtest_us_sf_stg_aus_479.ehdemuf6@mailosaur.io
loadtest_ph_a4361@yopmail.com,loadtest_us_phl_qa_aug_2020_a131.ehdemuf6@mailosaur.io,loadtest_us_sf_stg_aus_446.ehdemuf6@mailosaur.io
loadtest_ph_a4358@yopmail.com,loadtest_us_phl_qa_aug_2020_a132.ehdemuf6@mailosaur.io,loadtest_us_sf_stg_aus_447.ehdemuf6@mailosaur.io
loadtest_ph_a4362@yopmail.com,loadtest_us_phl_qa_aug_2020_a133.ehdemuf6@mailosaur.io,loadtest_us_sf_stg_aus_448.ehdemuf6@mailosaur.io
loadtest_ph_a4370@yopmail.com,loadtest_us_phl_qa_aug_2020_a134.ehdemuf6@mailosaur.io,loadtest_us_sf_stg_aus_449.ehdemuf6@mailosaur.io
loadtest_ph_a4365@yopmail.com,loadtest_us_phl_qa_aug_2020_a135.ehdemuf6@mailosaur.io,loadtest_us_sf_stg_aus_450.ehdemuf6@mailosaur.io
loadtest_ph_a4367@yopmail.com,loadtest_us_phl_qa_aug_2020_a136.ehdemuf6@mailosaur.io,loadtest_us_sf_stg_aus_451.ehdemuf6@mailosaur.io
loadtest_ph_a4364@yopmail.com,loadtest_us_phl_qa_aug_2020_a137.ehdemuf6@mailosaur.io,loadtest_us_sf_stg_aus_452.ehdemuf6@mailosaur.io
loadtest_ph_a4369@yopmail.com,loadtest_us_phl_qa_aug_2020_a138.ehdemuf6@mailosaur.io,loadtest_us_sf_stg_aus_453.ehdemuf6@mailosaur.io
loadtest_ph_a4366@yopmail.com,loadtest_us_phl_qa_aug_2020_a139.ehdemuf6@mailosaur.io,loadtest_us_sf_stg_aus_454.ehdemuf6@mailosaur.io
loadtest_ph_a4368@yopmail.com,loadtest_us_phl_qa_aug_2020_a140.ehdemuf6@mailosaur.io,loadtest_us_sf_stg_aus_455.ehdemuf6@mailosaur.io
loadtest_ph_a4363@yopmail.com,loadtest_us_phl_qa_aug_2020_a141.ehdemuf6@mailosaur.io,loadtest_us_sf_stg_aus_456.ehdemuf6@mailosaur.io
loadtest_ph_a4374@yopmail.com,loadtest_us_phl_qa_aug_2020_a142.ehdemuf6@mailosaur.io,loadtest_us_sf_stg_aus_457.ehdemuf6@mailosaur.io
loadtest_ph_a4376@yopmail.com,loadtest_us_phl_qa_aug_2020_a143.ehdemuf6@mailosaur.io,loadtest_us_sf_stg_aus_458.ehdemuf6@mailosaur.io
loadtest_ph_a4371@yopmail.com,loadtest_us_phl_qa_aug_2020_a144.ehdemuf6@mailosaur.io,loadtest_us_sf_stg_aus_459.ehdemuf6@mailosaur.io
loadtest_ph_a4373@yopmail.com,loadtest_us_phl_qa_aug_2020_a145.ehdemuf6@mailosaur.io,loadtest_us_sf_stg_aus_460.ehdemuf6@mailosaur.io
